<?xml version="1.0" encoding="UTF-8" standalone="yes"?>
<addon id="hrti.repo" name="HRTi Repository" version="1.3" provider-name="muzena">
    <extension point="xbmc.addon.repository" name="HRTi Repository">
        <dir minversion="19.0.0">
            <info compressed="false">https://raw.githubusercontent.com/muzena/hrti/master/repo/zips/addons.xml</info>
            <checksum>https://raw.githubusercontent.com/muzena/hrti/master/repo/zips/addons.xml.md5</checksum>
            <datadir zip="true">https://raw.githubusercontent.com/muzena/hrti/master/repo/zips/</datadir>
        </dir>
    </extension>
    <extension point="xbmc.addon.metadata">
        <summary>HRTi Addon Repository</summary>
        <summary lang="hr_HR">Repozitorij HRTi dadatka</summary>
        <description>Repository for Kodi HRTi addon</description>
        <description lang="hr_HR">Repozitorij za Kodi HRTi dodatak</description>
        <disclaimer></disclaimer>
        <platform>all</platform>
        <assets>
            <icon>icon.png</icon>
            <fanart>fanart.jpg</fanart>
        </assets>
    </extension>
</addon>
