<?xml version="1.0" encoding="UTF-8" standalone="yes"?>
<addon id="plugin.video.hrti" version="0.9.7" name="HRTi" provider-name="Nirvana">
    <requires>
        <import addon="xbmc.python" version="3.0.0"/>
        <import addon="script.module.inputstreamhelper" version="0.5.0"/>
        <import addon="script.common.plugin.cache" version="2.6.1.1"/>
        <import addon="script.module.requests" version="2.12.4"/>
        <import addon="script.module.dateutil" version="2.7.3" />
        <import addon="script.module.mechanize" version="0.4.3" />
        <import addon="script.module.routing" version="0.2.0"/>
    </requires>
    <extension point="xbmc.python.pluginsource" library="main.py">
        <provides>video</provides>
    </extension>
    <extension point="xbmc.addon.metadata">
        <reuselanguageinvoker>true</reuselanguageinvoker>
        <news>
            - Version 0.9.7: Add subtitles
            - Version 0.9.6: Add detailed information for EPG and Videostore
            - Version 0.9.5: Add category, duration
            - Version 0.9.4: Jump to current EPG in Programme Guide
            - Version 0.9.3: Remove dependencies / use env and conf from hrt
            - Version 0.9.2: Added croatian language / fix others (Thx muzena!)
            - Version 0.9.1: Delete Token, DeviceID on logout
        </news>
        <news lang="hr_HR">- Inačica 0.9.2: Dodan hrvatski jezik i drugi popravci (Thx muzena!)[CR]- Inačica 0.9.1: Obriši Token i ID uređaja pri odjavi[CR]- Inačica 0.9.3: Uklonjene zavisnosti i sada se koristi HRT-ov env i conf[CR]- Inačica 0.9.4: Idi na trenutni EPG u Programskom vodiču
        </news>
        <assets>
            <icon>resources/icon.png</icon>
            <fanart>resources/fanart.jpg</fanart>
            <screenshot>resources/media/screenshot-01.jpg</screenshot>
            <screenshot>resources/media/screenshot-02.jpg</screenshot>
            <screenshot>resources/media/screenshot-03.jpg</screenshot>
            <screenshot>resources/media/screenshot-04.jpg</screenshot>
        </assets>
        <summary lang="de_DE">Kroatisches Radio Fernsehen HRT: TV, Radio, Videostore, Auditorium
        </summary>
        <description lang="de_DE">
        </description>
        <disclaimer lang="de_DE">Inoffizielles Addon - Benutzung auf eigene Gefahr</disclaimer>
        <summary lang="gb_GB">HRTi platform of Croatian Radio Television
        </summary>
        <description lang="gb_GB"> Addon for HRTi platform which allows you to watch live HRT TV channels, listening HRT radio stations, watching videostore which contains TV Shows, documentary movies and series, movies and series, radiostore for listening HRT radio shows and program guide for radio and TV programs.
        </description>
        <disclaimer lang="gb_GB">Unofficial Addon - Use on own risk</disclaimer>
        <summary lang="hr_HR"> HRTi platforma Hrvatske Radio Televizije
        </summary>
        <description lang="hr_HR">Dodatak za HRTi platformu koja omogućuje gledanje HRT programa uživo, slušanje HRT radijskih programa, gledanja videoteke koja sadrži emisije, dokumentarne i igrane filmove i serije, slušaonicu za preslušavanje emisija HRT radija i programski vodič za radijske i TV programe.
        </description>
        <disclaimer lang="hr_HR">Neslužbeni dodatak - Koristite na vlastitu odgovornost</disclaimer>
        <platform>all</platform>
        <license>GNU GENERAL PUBLIC LICENSE. Version 3, 29 June 2007</license>
        <website>https://www.hrti.hrt.hr</website>
        <source>https://github.com/nirvana-7777/plugin.video.hrti</source>
        <forum>https://www.kodinerds.net/index.php/Thread/74318-Release-HRTi-Kroatisches-Fernsehen-Radio-Videothek/</forum>
    </extension>
</addon>
